id,created
9785,2015-01-07 22:54:02
9599,2015-01-03 21:20:05
9534,2015-01-02 00:36:48
9618,2015-01-04 04:16:11
9509,2015-01-01 22:05:53
9690,2015-01-06 07:39:46
9613,2015-01-04 02:32:48
9692,2015-01-06 09:04:02
9507,2015-01-01 20:23:12
9589,2015-01-03 14:01:13
9763,2015-01-07 08:44:00
9719,2015-01-07 00:21:53
9488,2015-01-01 02:24:36
9771,2015-01-07 15:56:44
9721,2015-01-07 00:34:07
9674,2015-01-06 00:00:05
9492,2015-01-01 03:50:44
9560,2015-01-02 21:56:08
9494,2015-01-01 04:41:30
9513,2015-01-01 23:18:44
9519,2015-01-02 01:13:49
11121,2015-01-11 16:40:02
10252,2015-01-10 20:55:09
11630,2015-01-13 04:44:39
9896,2015-01-10 00:29:07
11337,2015-01-11 23:12:35
10776,2015-01-11 02:14:52
11689,2015-01-13 18:43:27
10160,2015-01-10 20:26:20
9802,2015-01-08 02:50:21
10969,2015-01-11 07:54:28
10401,2015-01-10 21:46:42
10887,2015-01-11 04:58:33
10900,2015-01-11 05:12:27
11001,2015-01-11 10:36:57
10685,2015-01-11 00:51:28
11494,2015-01-12 18:08:51
11206,2015-01-11 18:13:01
14790,2015-02-06 02:55:56
15139,2015-02-11 08:28:04
14961,2015-02-08 06:34:37
14753,2015-02-05 17:37:45
14701,2015-02-05 00:48:59
15157,2015-02-11 20:04:10
14970,2015-02-08 16:56:05
14922,2015-02-07 20:57:11
14704,2015-02-05 01:04:44
14710,2015-02-05 02:01:03
14714,2015-02-05 02:44:26
14717,2015-02-05 03:11:43
14721,2015-02-05 03:29:25
14722,2015-02-05 03:33:54
14726,2015-02-05 03:52:19
14708,2015-02-05 01:38:49
14711,2015-02-05 02:23:41
14719,2015-02-05 03:25:37
14723,2015-02-05 03:46:54
14727,2015-02-05 03:55:44
14736,2015-02-05 05:56:14
14707,2015-02-05 01:17:54
14709,2015-02-05 01:49:51
14712,2015-02-05 02:31:53
14715,2015-02-05 02:45:27
14720,2015-02-05 03:26:36
