id,order_number,user_id,created
3906,28,803,2015-01-01 01:19:59
4067,5,8274,2015-01-05 18:00:41
3998,8,1904,2015-01-03 21:18:51
4011,49,344,2015-01-04 01:00:19
3922,2,7640,2015-01-01 23:46:47
4059,20,1127,2015-01-05 04:45:09
4040,13,2964,2015-01-04 22:14:48
4117,2,9227,2015-01-06 00:16:29
4052,2,3834,2015-01-05 02:46:51
4003,20,953,2015-01-03 23:52:45
4073,21,2286,2015-01-05 18:22:10
3902,8,3911,2014-12-31 23:26:39
4108,3,7640,2015-01-05 23:23:34
4022,1,9513,2015-01-04 04:11:18
4146,35,197,2015-01-06 04:41:54
4126,16,2665,2015-01-06 02:02:46
3885,1,9471,2014-12-31 18:26:11
4035,7,450,2015-01-04 20:05:56
4013,20,328,2015-01-04 01:12:00
4039,2,9580,2015-01-04 21:31:48
3890,1,8546,2014-12-31 20:59:51
4114,5,8051,2015-01-06 00:04:52
4112,23,421,2015-01-05 23:38:41
4106,3,1113,2015-01-05 23:08:41
4057,5,3758,2015-01-05 04:19:32
4135,10,2706,2015-01-06 03:27:08
4094,3,2510,2015-01-05 22:27:10
3984,8,2366,2015-01-03 03:10:40
4099,5,618,2015-01-05 22:37:43
4103,6,618,2015-01-05 22:49:59
4091,2,7664,2015-01-05 22:16:46
4015,2,7228,2015-01-04 01:29:02
4064,1,4248,2015-01-05 17:44:45
4062,1,9661,2015-01-05 17:13:02
4083,1,4381,2015-01-05 21:02:42
4113,1,8447,2015-01-05 23:42:51
4115,1,3827,2015-01-06 00:07:50
4125,1,8548,2015-01-06 01:43:49
4097,5,4186,2015-01-05 22:34:40
4063,27,640,2015-01-05 17:23:04
3908,9,2991,2015-01-01 02:33:38
4012,8,377,2015-01-04 01:04:19
4095,21,2056,2015-01-05 22:29:11
4016,11,608,2015-01-04 02:51:39
4027,1,9628,2015-01-04 17:35:12
4060,16,1000,2015-01-05 04:47:53
4076,3,7500,2015-01-05 19:12:02
4074,15,1400,2015-01-05 18:52:08
4088,6,2736,2015-01-05 21:36:49
4127,5,1913,2015-01-06 02:03:22
4098,4,278,2015-01-05 22:36:21
4020,1,9580,2015-01-04 03:22:05
4000,3,7245,2015-01-03 23:09:01
4111,6,6138,2015-01-05 23:38:27
4084,1,9572,2015-01-05 21:05:09
4032,21,421,2015-01-04 18:57:36
4104,2,1113,2015-01-05 22:50:35
4058,6,3758,2015-01-05 04:20:05
4120,1,9569,2015-01-06 00:32:59
4029,18,615,2015-01-04 18:37:03
4002,9,2100,2015-01-03 23:50:25
3991,5,6681,2015-01-03 18:03:02
4049,3,7444,2015-01-05 02:07:03
4044,4,6920,2015-01-05 00:05:55
3992,1,9593,2015-01-03 18:22:05
4006,1,3124,2015-01-04 00:47:08
4036,1,2666,2015-01-04 20:18:46
4046,1,9647,2015-01-05 01:10:54
4066,1,2251,2015-01-05 17:57:10
4123,1,9676,2015-01-06 00:43:12
4092,7,2672,2015-01-05 22:24:56
4061,12,305,2015-01-05 04:52:17
3994,3,9306,2015-01-03 18:46:52
4089,13,1258,2015-01-05 21:37:29
4090,20,2056,2015-01-05 22:09:46
4034,5,3738,2015-01-04 19:40:30
4047,8,858,2015-01-05 01:23:20
4001,12,2964,2015-01-03 23:09:13
3911,1,9347,2015-01-01 13:42:51
4037,4,2562,2015-01-04 20:59:09
4101,3,3834,2015-01-05 22:47:36
4017,1,7627,2015-01-04 02:56:47
4028,1,9630,2015-01-04 17:43:31
4118,3,9580,2015-01-06 00:19:06
4121,11,2721,2015-01-06 00:33:29
4033,1,9607,2015-01-04 19:29:33
4026,20,421,2015-01-04 09:28:01
4045,22,421,2015-01-05 00:12:07
4096,4,3825,2015-01-05 22:31:30
4079,1,9278,2015-01-05 20:03:26
4069,1,1252,2015-01-05 18:02:14
4085,8,2216,2015-01-05 21:08:57
4004,1,3162,2015-01-04 00:38:35
4042,2,9097,2015-01-04 23:21:11
4031,2,751,2015-01-04 18:51:45
4005,2,1787,2015-01-04 00:46:13
4100,2,273,2015-01-05 22:45:11
4053,6,3853,2015-01-05 03:32:17
4056,14,4694,2015-01-05 03:41:03
3990,2,8496,2015-01-03 05:24:52
4007,1,7228,2015-01-04 00:48:57
3909,1,9488,2015-01-01 04:29:18
4075,1,8920,2015-01-05 19:01:09
4050,1,9652,2015-01-05 02:32:48
4054,1,9653,2015-01-05 03:33:18
4081,2,9461,2015-01-05 20:23:29
4102,1,1175,2015-01-05 22:48:21
3950,26,640,2015-01-02 18:05:48
3945,5,2932,2015-01-02 04:47:46
3921,8,7258,2015-01-01 23:23:23
3932,10,3387,2015-01-02 02:13:46
3941,11,1258,2015-01-02 03:20:47
3930,8,1149,2015-01-02 01:30:17
3943,2,4351,2015-01-02 03:47:42
3923,19,1850,2015-01-02 00:02:43
3947,17,945,2015-01-02 16:33:07
3956,18,2369,2015-01-02 20:02:12
3935,1,8066,2015-01-02 02:22:27
3929,34,197,2015-01-02 01:19:53
3919,5,2736,2015-01-01 22:58:18
3937,6,3595,2015-01-02 03:01:07
3951,13,2823,2015-01-02 18:06:53
3920,6,1105,2015-01-01 22:58:24
3936,4,2703,2015-01-02 02:27:03
3933,21,218,2015-01-02 02:16:12
3939,9,3197,2015-01-02 03:13:16
3916,1,9507,2015-01-01 21:30:14
3944,7,1223,2015-01-02 03:48:10
3915,11,4158,2015-01-01 20:43:00
3912,2,7099,2015-01-01 18:46:24
3934,7,2216,2015-01-02 02:16:35
4655,4,7426,2015-01-13 19:58:09
3931,3,935,2015-01-02 02:13:12
4132,9,2706,2015-01-06 03:17:06
3914,7,452,2015-01-01 20:29:01
3924,3,25,2015-01-02 00:04:11
3926,2,1154,2015-01-02 00:45:50
3917,5,7534,2015-01-01 21:38:36
3940,2,2528,2015-01-02 03:15:56
3928,1,9461,2015-01-02 01:12:43
3910,1,3608,2015-01-01 04:42:56
3913,1,4364,2015-01-01 19:13:15
3918,1,9510,2015-01-01 22:38:10
3927,1,7188,2015-01-02 01:05:13
3948,1,9546,2015-01-02 17:31:51
3973,1,7482,2015-01-03 00:34:32
3972,12,1258,2015-01-03 00:23:12
4727,3,11701,2015-01-13 22:32:07
4651,1,11678,2015-01-13 19:52:24
4690,7,3404,2015-01-13 21:33:05
4130,20,1850,2015-01-06 02:20:21
4732,3,1467,2015-01-13 22:55:04
4686,1,9617,2015-01-13 21:25:33
4735,1,10448,2015-01-13 23:05:20
4644,2,9912,2015-01-13 19:43:44
4726,3,9912,2015-01-13 22:30:10
4107,13,2035,2015-01-05 23:22:08
4139,2,9284,2015-01-06 03:50:55
4747,5,7757,2015-01-13 23:57:32
4733,1,8326,2015-01-13 23:01:37
4685,2,2989,2015-01-13 21:23:17
4748,2,11095,2015-01-13 23:58:07
4752,7,1129,2015-01-14 00:11:18
4749,1,11352,2015-01-13 23:58:25
4723,1,11751,2015-01-13 22:25:08
4144,2,8946,2015-01-06 04:34:20
4662,1,885,2015-01-13 20:13:18
4744,3,2814,2015-01-13 23:48:43
4105,3,273,2015-01-05 22:53:55
4670,2,3916,2015-01-13 20:28:24
4137,2,3889,2015-01-06 03:38:52
4136,4,7366,2015-01-06 03:28:38
4667,1,9906,2015-01-13 20:22:02
4660,2,9900,2015-01-13 20:10:53
4661,1,11691,2015-01-13 20:12:43
4650,1,2047,2015-01-13 19:51:50
4642,1,7665,2015-01-13 19:35:35
4646,1,695,2015-01-13 19:46:18
4141,7,3703,2015-01-06 04:19:49
4647,1,11700,2015-01-13 19:46:21
4791,6,4501,2015-01-14 19:22:20
4109,9,1225,2015-01-05 23:30:26
4769,1,11481,2015-01-14 02:51:58
4736,13,2291,2015-01-13 23:06:39
4739,1,11761,2015-01-13 23:18:54
4729,1,10441,2015-01-13 22:38:07
4765,1,10021,2015-01-14 01:52:57
4758,2,8066,2015-01-14 00:46:09
4140,16,797,2015-01-06 04:11:04
4750,1,7268,2015-01-14 00:01:10
4767,12,2135,2015-01-14 02:33:04
4741,7,8641,2015-01-13 23:34:31
4759,1,1298,2015-01-14 00:47:14
4757,3,6302,2015-01-14 00:33:42
4664,3,9568,2015-01-13 20:14:16
4746,8,562,2015-01-13 23:55:46
4845,1,11565,2015-01-15 03:02:47
4724,1,11757,2015-01-13 22:27:50
4753,1,10706,2015-01-14 00:11:27
4773,2,10706,2015-01-14 05:00:18
4768,12,124,2015-01-14 02:49:13
4665,8,671,2015-01-13 20:16:50
4731,5,2219,2015-01-13 22:52:42
4653,2,2719,2015-01-13 19:56:49
4740,5,6923,2015-01-13 23:25:30
4743,5,7366,2015-01-13 23:38:35
4755,1,10639,2015-01-14 00:23:28
4663,1,1372,2015-01-13 20:14:12
4652,1,2275,2015-01-13 19:53:06
4648,1,8738,2015-01-13 19:48:02
4783,1,9367,2015-01-14 18:04:04
4760,1,11778,2015-01-14 00:47:44
4722,1,10394,2015-01-13 22:25:02
4611,1,2441,2015-01-13 18:28:47
4719,1,8899,2015-01-13 22:12:22
4762,6,4186,2015-01-14 01:00:06
4776,2,265,2015-01-14 16:36:27
4771,1,11832,2015-01-14 04:38:51
4761,1,8287,2015-01-14 00:50:48
4751,17,1000,2015-01-14 00:02:23
4737,1,11764,2015-01-13 23:10:19
4787,4,442,2015-01-14 18:32:20
4142,4,3841,2015-01-06 04:22:12
4790,22,945,2015-01-14 19:16:04
4779,13,47,2015-01-14 17:33:15
4798,2,10021,2015-01-14 21:02:39
4801,3,10021,2015-01-14 21:19:27
4613,8,3302,2015-01-13 18:30:09
4782,1,11405,2015-01-14 18:01:31
4794,3,9630,2015-01-14 20:02:57
4777,2,11484,2015-01-14 16:58:36
4778,3,11095,2015-01-14 17:02:57
4793,11,3197,2015-01-14 19:49:22
4742,8,8641,2015-01-13 23:36:29
4780,1,11404,2015-01-14 17:56:14
4772,5,3440,2015-01-14 04:49:30
4784,1,11911,2015-01-14 18:12:48
4774,2,9885,2015-01-14 11:24:03
4796,1,11937,2015-01-14 20:28:17
4788,1,7368,2015-01-14 19:01:32
4658,7,2563,2015-01-13 20:04:19
4654,2,8490,2015-01-13 19:57:27
4684,1,7700,2015-01-13 21:22:41
6595,31,2601,2015-02-01 02:11:48
6579,13,1904,2015-01-31 22:35:24
3834,3,7771,2014-12-30 01:20:01
6608,5,8737,2015-02-01 03:42:40
6612,4,2896,2015-02-01 04:55:42
7200,7,8147,2015-02-06 03:38:14
7191,35,335,2015-02-06 03:02:22
6580,12,12205,2015-01-31 22:47:20
7789,7,685,2015-02-12 03:33:01
6090,1,10045,2015-01-27 01:30:32
6061,2,10668,2015-01-26 22:19:51
6104,1,923,2015-01-27 03:07:13
6082,1,13934,2015-01-27 00:37:39
6098,3,3412,2015-01-27 02:31:47
6072,6,3841,2015-01-26 23:24:45
6039,2,12183,2015-01-26 20:23:41
6086,1,13825,2015-01-27 01:01:20
6069,3,8993,2015-01-26 23:18:59
5983,24,2332,2015-01-26 01:10:18
4357,7,8274,2015-01-10 20:42:49
6106,15,47,2015-01-27 03:29:46
4834,8,8274,2015-01-15 01:12:57
6076,3,12183,2015-01-27 00:00:26
4968,10,8274,2015-01-16 19:32:32
6062,5,8817,2015-01-26 22:20:43
7190,10,3404,2015-02-06 03:02:08
7793,18,12205,2015-02-12 03:52:15
8368,7,1046,2015-02-18 18:31:02
6075,31,640,2015-01-26 23:44:11
5444,28,1207,2015-01-21 03:30:49
6073,16,3101,2015-01-26 23:27:18
5437,2,8788,2015-01-21 02:33:39
5436,1,11246,2015-01-21 02:31:18
6089,25,2332,2015-01-27 01:08:16
6070,29,953,2015-01-26 23:20:09
5460,2,11651,2015-01-21 16:40:08
6887,3,14071,2015-02-03 09:43:32
5434,10,2271,2015-01-21 02:23:17
6063,1,8373,2015-01-26 22:27:23
6916,2,13939,2015-02-03 18:44:39
5464,1,12415,2015-01-21 17:57:26
5439,6,3834,2015-01-21 03:00:36
5451,2,9617,2015-01-21 04:44:11
5462,11,4609,2015-01-21 17:35:43
5454,2,7629,2015-01-21 06:27:33
5535,4,2229,2015-01-22 01:48:30
7195,32,640,2015-02-06 03:18:00
7196,8,591,2015-02-06 03:23:57
7203,6,11742,2015-02-06 03:48:03
8329,18,2291,2015-02-18 02:37:18
5455,2,9589,2015-01-21 07:29:00
5481,2,1962,2015-01-21 18:58:19
5461,1,10962,2015-01-21 17:09:08
5456,1,11146,2015-01-21 08:55:16
5471,1,12373,2015-01-21 18:22:49
5468,24,945,2015-01-21 18:11:46
6095,1,13921,2015-01-27 02:12:40
6924,2,13921,2015-02-03 19:25:21
5447,1,3647,2015-01-21 04:01:28
6922,1,14018,2015-02-03 19:18:21
7792,33,1207,2015-02-12 03:46:21
8293,1,14772,2015-02-17 23:37:15
6669,2,13979,2015-02-02 01:47:47
1209,1,1911,2014-10-05 17:08:58
6650,4,14011,2015-02-01 21:39:22
7228,7,8817,2015-02-06 19:46:45
6927,2,9121,2015-02-03 19:37:34
6879,1,13474,2015-02-03 06:22:59
6917,2,11595,2015-02-03 18:58:04
6925,6,1192,2015-02-03 19:26:22
5491,1,11915,2015-01-21 20:14:49
5505,20,1258,2015-01-21 23:09:00
5459,17,320,2015-01-21 13:11:35
5516,10,3738,2015-01-22 00:37:19
5475,4,3218,2015-01-21 18:35:53
5487,5,3841,2015-01-21 19:30:55
5463,12,4609,2015-01-21 17:40:48
5483,4,735,2015-01-21 19:09:40
5430,14,2291,2015-01-21 01:48:30
5474,1,3231,2015-01-21 18:35:29
5476,1,11722,2015-01-21 18:40:02
5479,1,12639,2015-01-21 18:42:25
5494,1,12761,2015-01-21 20:32:55
5493,22,2369,2015-01-21 20:29:18
6683,12,7399,2015-02-02 04:18:14
28,11,10,2014-06-28 02:06:57
7268,41,497,2015-02-07 01:47:57
7244,4,8066,2015-02-06 23:05:47
5482,1,10402,2015-01-21 18:59:07
5498,2,10448,2015-01-21 22:04:20
5480,1,12752,2015-01-21 18:56:42
5501,21,1564,2015-01-21 22:22:17
5500,1,12776,2015-01-21 22:11:56
5503,4,9912,2015-01-21 22:41:58
5488,2,11389,2015-01-21 19:54:32
5510,3,11389,2015-01-22 00:11:15
5511,4,11389,2015-01-22 00:14:49
5484,1,11917,2015-01-21 19:14:46
5502,24,2286,2015-01-21 22:28:07
7817,1,15214,2015-02-12 19:11:57
7819,1,15201,2015-02-12 19:55:11
6820,3,10215,2015-02-02 23:32:43
6707,7,4717,2015-02-02 18:10:38
5526,7,2970,2015-01-22 01:10:58
5528,1,12798,2015-01-22 01:21:14
5507,2,11761,2015-01-21 23:27:29
5489,3,11827,2015-01-21 20:09:05
5513,14,2035,2015-01-22 00:30:33
5508,10,3911,2015-01-21 23:34:05
6724,6,8710,2015-02-02 19:12:35
5492,2,8161,2015-01-21 20:21:35
5499,3,8699,2015-01-21 22:08:32
5524,1,12112,2015-01-22 01:03:55
5490,2,10441,2015-01-21 20:09:51
5518,8,2008,2015-01-22 00:48:54
4656,9,3911,2015-01-13 20:01:03
3971,3,9560,2015-01-02 23:44:33
6750,1,12987,2015-02-02 20:44:03
7276,1,14861,2015-02-07 03:48:35
7278,1,14723,2015-02-07 04:09:50
7860,8,237,2015-02-13 02:04:50
5504,1,12352,2015-01-21 22:42:39
5515,10,1389,2015-01-22 00:33:08
5422,12,8274,2015-01-21 00:58:00
6125,13,8274,2015-01-27 15:56:09
7717,2,13012,2015-02-11 18:01:30
5509,9,3738,2015-01-21 23:35:44
5485,1,12467,2015-01-21 19:20:38
5545,2,12378,2015-01-22 02:57:34
3771,6,3908,2014-12-27 22:14:39
5532,9,865,2015-01-22 01:43:14
6102,5,8147,2015-01-27 02:55:23
3088,1,591,2014-12-09 03:22:45
3622,4,591,2014-12-22 01:32:24
4008,1,9604,2015-01-04 00:52:31
2281,3,1058,2014-11-18 18:48:42
2354,13,335,2014-11-21 02:21:41
7874,4,3757,2015-02-13 04:40:40
7875,2,3115,2015-02-13 04:46:12
7873,2,10742,2015-02-13 04:22:32
7298,2,12865,2015-02-07 19:51:35
7322,16,12205,2015-02-08 01:14:01
6755,40,497,2015-02-02 20:53:17
7292,1,14432,2015-02-07 17:41:37
7319,1,14942,2015-02-08 00:42:38
7310,1,14696,2015-02-07 23:17:00
3600,21,335,2014-12-21 03:36:54
7314,6,7744,2015-02-07 23:50:28
5527,6,7640,2015-01-22 01:12:11
5433,1,10090,2015-01-21 02:04:06
5395,31,335,2015-01-20 22:48:46
7362,36,335,2015-02-08 20:17:24
5970,1,11984,2015-01-25 23:48:06
5486,2,1160,2015-01-21 19:20:54
7333,1,11662,2015-02-08 03:48:05
6834,5,11701,2015-02-03 00:49:33
5306,1,12635,2015-01-19 22:44:34
5279,2,9903,2015-01-19 19:36:56
5517,15,2624,2015-01-22 00:44:16
5519,1,12793,2015-01-22 00:49:12
5703,2,11801,2015-01-23 14:43:02
5551,2,11813,2015-01-22 03:51:51
3511,6,3387,2014-12-18 01:41:34
3692,7,3387,2014-12-23 22:48:46
5537,2,3691,2015-01-22 01:52:39
4683,13,3387,2015-01-13 21:09:36
5562,1,12829,2015-01-22 07:59:41
5495,11,1904,2015-01-21 20:37:41
5529,1,12421,2015-01-22 01:21:40
6934,2,11475,2015-02-03 20:20:24
7737,4,12319,2015-02-11 20:13:51
6096,3,73,2015-01-27 02:19:34
7330,13,277,2015-02-08 03:40:32
7325,26,1258,2015-02-08 02:32:05
6833,3,11749,2015-02-03 00:47:50
7338,2,13923,2015-02-08 04:36:14
6783,3,14216,2015-02-02 21:47:58
5298,29,640,2015-01-19 21:55:16
6772,1,10652,2015-02-02 21:22:52
6796,1,14537,2015-02-02 22:22:52
7332,2,9691,2015-02-08 03:45:29
7336,1,13703,2015-02-08 04:20:18
5290,8,1555,2015-01-19 20:24:47
5276,11,173,2015-01-19 19:20:26
5252,3,11200,2015-01-19 06:40:41
5239,76,10,2015-01-19 04:22:03
5240,77,10,2015-01-19 04:27:22
5242,78,10,2015-01-19 04:30:02
5238,1,12580,2015-01-19 04:15:33
5265,1,11433,2015-01-19 18:24:20
5235,3,1003,2015-01-19 03:54:38
5253,49,149,2015-01-19 09:19:37
5259,1,12304,2015-01-19 18:04:32
5257,1,11372,2015-01-19 17:29:20
5250,2,10581,2015-01-19 05:32:35
5278,16,2612,2015-01-19 19:31:42
5267,1,10926,2015-01-19 18:41:21
5281,1,11498,2015-01-19 19:40:58
5308,1,9028,2015-01-19 22:56:49
5277,1,10846,2015-01-19 19:23:08
5316,3,1473,2015-01-19 23:34:06
7879,1,15289,2015-02-13 16:25:00
6822,1,4652,2015-02-02 23:57:01
6864,2,12870,2015-02-03 03:09:00
6825,5,12089,2015-02-03 00:08:53
6721,7,8698,2015-02-02 18:59:29
7349,2,14659,2015-02-08 17:46:46
6841,11,1803,2015-02-03 01:18:32
6807,1,10834,2015-02-02 22:43:46
6723,1,14511,2015-02-02 19:08:45
6789,1,12280,2015-02-02 22:04:51
6719,1,11469,2015-02-02 18:48:45
4868,64,10,2015-01-15 18:17:28
6831,1,14553,2015-02-03 00:43:42
5272,7,4186,2015-01-19 19:02:05
5266,1,10509,2015-01-19 18:29:27
5282,1,11218,2015-01-19 19:43:22
5285,4,8258,2015-01-19 20:01:29
5237,1,12178,2015-01-19 04:12:36
5271,1,12618,2015-01-19 19:00:06
5287,1,11822,2015-01-19 20:04:49
6835,1,12562,2015-02-03 01:01:30
7345,1,2096,2015-02-08 16:06:45
7884,24,2964,2015-02-13 18:09:56
7883,1,14716,2015-02-13 18:03:23
109,1,230,2014-08-03 21:18:16
6842,1,13673,2015-02-03 01:29:23
7354,42,497,2015-02-08 18:48:52
4226,2,8183,2015-01-07 10:24:24
7394,12,4510,2015-02-09 01:57:20
7385,4,9883,2015-02-09 00:00:36
7372,2,14146,2015-02-08 22:04:58
6859,2,13122,2015-02-03 02:42:43
7377,4,4383,2015-02-08 22:59:14
7360,1,14976,2015-02-08 19:35:25
5302,2,9252,2015-01-19 22:14:57
7380,1,13118,2015-02-08 23:21:18
5320,4,9252,2015-01-20 00:25:48
5291,1,11948,2015-01-19 20:53:07
5292,5,8183,2015-01-19 20:56:37
5312,6,37,2015-01-19 23:17:57
5344,27,1207,2015-01-20 03:30:38
5295,1,12428,2015-01-19 21:18:24
5300,1,400,2015-01-19 22:02:56
5353,1,12664,2015-01-20 05:32:21
5255,1,12038,2015-01-19 17:14:28
5243,19,651,2015-01-19 04:32:47
5948,1,13278,2015-01-25 20:48:27
5982,1,13043,2015-01-26 01:00:40
5284,2,11403,2015-01-19 20:00:02
5258,1,12540,2015-01-19 17:30:44
5978,1,13852,2015-01-26 00:27:33
5984,1,13864,2015-01-26 01:28:23
5269,4,9100,2015-01-19 18:45:36
5262,1,9905,2015-01-19 18:13:45
7886,2,13025,2015-02-13 18:36:06
7440,1,13798,2015-02-09 19:55:01
5275,1,12025,2015-01-19 19:05:19
5496,1,12765,2015-01-21 20:45:39
7386,31,1207,2015-02-09 00:54:12
7395,2,12357,2015-02-09 02:04:39
7381,2,13660,2015-02-08 23:34:00
7384,4,9549,2015-02-08 23:59:21
5355,1,12663,2015-01-20 07:00:37
7391,10,3302,2015-02-09 01:16:19
7397,34,1332,2015-02-09 02:11:26
7388,20,702,2015-02-09 01:08:12
7389,21,702,2015-02-09 01:09:08
7382,40,54,2015-02-08 23:51:15
6857,2,10631,2015-02-03 02:13:34
7400,1,15001,2015-02-09 03:48:25
7398,21,59,2015-02-09 03:15:43
5264,2,10207,2015-01-19 18:23:23
5274,13,2991,2015-01-19 19:02:47
5268,15,3101,2015-01-19 18:41:44
5334,1,4551,2015-01-20 02:19:17
5336,22,2601,2015-01-20 02:35:13
5303,6,2932,2015-01-19 22:19:23
7885,9,62,2015-02-13 18:17:21
7887,11,9607,2015-02-13 18:51:40
7889,21,4609,2015-02-13 19:12:32
7411,3,12793,2015-02-09 17:39:59
7466,31,2332,2015-02-09 21:58:03
7491,3,10151,2015-02-10 00:16:11
7405,2,12646,2015-02-09 05:00:31
5299,3,4391,2015-01-19 22:02:32
5293,37,497,2015-01-19 20:58:14
7445,3,1457,2015-02-09 20:05:04
5296,3,7744,2015-01-19 21:19:07
7428,2,150,2015-02-09 19:08:34
5297,1,12308,2015-01-19 21:26:31
5311,1,11507,2015-01-19 23:12:44
7421,2,14519,2015-02-09 18:27:52
5324,1,11515,2015-01-20 00:45:56
7418,3,9369,2015-02-09 18:19:00
5309,1,12627,2015-01-19 23:05:49
5307,11,7258,2015-01-19 22:50:19
5337,1,10139,2015-01-20 02:41:14
5354,1,12642,2015-01-20 06:21:31
5325,1,12641,2015-01-20 00:59:33
5331,1,12637,2015-01-20 02:02:00
5318,1,11812,2015-01-20 00:04:10
6869,1,14569,2015-02-03 03:46:24
5270,1,11655,2015-01-19 18:54:45
5305,11,8274,2015-01-19 22:39:52
5263,1,12296,2015-01-19 18:16:40
5304,1,10123,2015-01-19 22:28:13
7687,4,13697,2015-02-11 03:37:40
431,3,173,2014-08-22 21:39:31
7680,1,15114,2015-02-11 02:52:28
550,5,173,2014-08-28 23:03:19
1938,8,173,2014-11-07 03:25:14
7444,5,4391,2015-02-09 20:02:26
7443,5,9347,2015-02-09 19:57:13
7442,2,14082,2015-02-09 19:55:21
7447,2,13779,2015-02-09 20:22:44
2839,9,173,2014-12-03 03:39:28
5261,1,10935,2015-01-19 18:12:22
4596,1,9903,2015-01-13 17:58:24
7462,4,7576,2015-02-09 21:34:38
3421,2,7399,2014-12-16 07:38:30
6868,37,803,2015-02-03 03:42:38
5976,2,13844,2015-01-26 00:22:02
7653,10,865,2015-02-11 01:17:26
5256,1,12236,2015-01-19 17:17:02
7621,2,2749,2015-02-10 23:17:32
7664,10,2672,2015-02-11 02:05:41
7685,2,1852,2015-02-11 03:21:22
7676,8,8147,2015-02-11 02:37:50
7670,3,7189,2015-02-11 02:18:39
7651,2,13951,2015-02-11 01:13:55
7457,1,14389,2015-02-09 21:14:23
7924,9,11742,2015-02-14 01:48:25
7434,13,7162,2015-02-09 19:22:38
7679,2,14850,2015-02-11 02:48:39
37,12,10,2014-07-01 01:42:26
7682,9,591,2015-02-11 03:03:38
7690,6,9399,2015-02-11 04:04:51
7700,3,9604,2015-02-11 04:44:40
7706,4,10271,2015-02-11 06:27:18
7683,3,12357,2015-02-11 03:12:05
7711,2,14201,2015-02-11 16:43:17
7697,7,1058,2015-02-11 04:36:19
7688,3,3265,2015-02-11 03:43:34
7691,4,4488,2015-02-11 04:05:43
5244,79,10,2015-01-19 04:33:55
3624,3,7399,2014-12-22 01:56:20
5254,1,10894,2015-01-19 17:13:30
3897,5,7399,2014-12-31 22:01:01
5993,32,335,2015-01-26 02:58:13
5313,1,11801,2015-01-19 23:20:01
5310,1,12619,2015-01-19 23:08:00
5981,1,13841,2015-01-26 00:42:09
7645,1,15102,2015-02-11 01:00:39
4151,6,7399,2015-01-06 18:26:43
7657,12,11,2015-02-11 01:42:46
5989,1,13695,2015-01-26 02:03:17
4481,1,11166,2015-01-11 23:54:25
4919,14,608,2015-01-16 00:05:13
7439,13,2466,2015-02-09 19:50:47
7449,4,3412,2015-02-09 20:36:56
7496,5,12202,2015-02-10 00:53:00
7532,4,10901,2015-02-10 04:27:38
7451,4,12078,2015-02-09 20:40:13
5996,10,277,2015-01-26 03:17:24
4473,7,7399,2015-01-11 21:47:46
7686,3,2450,2015-02-11 03:29:26
4766,8,7399,2015-01-14 01:53:02
5987,1,12200,2015-01-26 01:56:06
5992,3,8901,2015-01-26 02:46:37
5990,2,1930,2015-01-26 02:09:11
5971,15,305,2015-01-26 00:01:59
953,1,2612,2014-09-22 18:04:58
7514,2,9788,2015-02-10 02:18:12
3577,31,87,2014-12-20 04:55:11
7472,2,12627,2015-02-09 22:23:56
7524,6,429,2015-02-10 03:35:58
5985,1,12865,2015-01-26 01:52:03
5974,1,13844,2015-01-26 00:20:30
5980,1,12804,2015-01-26 00:28:46
7707,3,12720,2015-02-11 07:04:41
1566,6,2612,2014-10-22 01:55:01
3586,11,2612,2014-12-20 21:32:17
3925,12,2612,2015-01-02 00:35:34
4886,15,2612,2015-01-15 20:24:16
6291,3,11498,2015-01-28 21:17:24
1278,2,1473,2014-10-09 18:16:36
7426,2,9281,2015-02-09 18:54:35
7961,2,10175,2015-02-14 18:04:36
7515,2,13918,2015-02-10 02:20:15
7471,3,10668,2015-02-09 22:13:04
7486,7,8699,2015-02-10 00:01:35
7518,41,307,2015-02-10 02:33:00
4571,4,9399,2015-01-13 02:03:49
7427,5,13297,2015-02-09 19:06:55
7465,4,2822,2015-02-09 21:49:17
7469,2,6775,2015-02-09 22:10:37
7487,10,1036,2015-02-10 00:04:20
7501,4,4650,2015-02-10 01:20:55
7420,1,10451,2015-02-09 18:27:37
2264,1,4186,2014-11-18 01:23:32
2821,2,4186,2014-12-03 00:49:51
5807,8,4186,2015-01-24 16:59:22
806,6,640,2014-09-11 21:32:38
1153,9,640,2014-10-02 02:00:18
5245,2,8588,2015-01-19 04:38:48
7702,4,265,2015-02-11 06:01:33
8275,2,10846,2015-02-17 22:07:10
5246,14,3387,2015-01-19 04:39:05
7694,17,12205,2015-02-11 04:25:10
5994,1,12357,2015-01-26 03:02:19
5288,1,9382,2015-01-19 20:14:03
532,4,173,2014-08-27 03:59:36
5986,1,4167,2015-01-26 01:53:23
3653,23,640,2014-12-22 21:54:54
5315,4,11701,2015-01-19 23:22:26
5975,2,8901,2015-01-26 00:21:13
7965,3,7208,2015-02-14 18:16:53
7981,6,8374,2015-02-14 19:51:43
7470,5,2198,2015-02-09 22:12:30
7463,1,122,2015-02-09 21:40:42
7506,1,11505,2015-02-10 01:39:00
4952,68,10,2015-01-16 18:07:08
7984,7,235,2015-02-14 20:08:10
5329,1,10994,2015-01-20 01:30:09
3883,24,640,2014-12-31 17:08:49
5321,2,7482,2015-01-20 00:42:26
5323,25,604,2015-01-20 00:45:39
5988,1,7896,2015-01-26 02:00:28
5328,5,10909,2015-01-20 01:08:17
5991,1,12939,2015-01-26 02:30:21
5332,1,12188,2015-01-20 02:07:27
5322,10,1904,2015-01-20 00:44:20
7692,5,9306,2015-02-11 04:11:58
5342,1,12653,2015-01-20 03:14:34
5346,1,12658,2015-01-20 04:02:27
5338,8,865,2015-01-20 02:42:13
5339,24,193,2015-01-20 02:45:28
5347,1,12046,2015-01-20 04:14:18
5574,30,640,2015-01-22 18:53:08
5283,1,10271,2015-01-19 19:59:48
5326,1,11715,2015-01-20 01:02:32
5330,2,2199,2015-01-20 01:44:28
7983,2,14569,2015-02-14 20:02:20
7982,1,11384,2015-02-14 20:01:55
7479,33,640,2015-02-09 23:23:19
7474,7,8710,2015-02-09 22:43:51
7473,6,11651,2015-02-09 22:29:26
5023,25,1207,2015-01-17 04:41:59
7511,2,11530,2015-02-10 01:58:57
5038,10,4609,2015-01-17 16:43:44
7476,2,12752,2015-02-09 22:58:28
8020,6,3810,2015-02-15 00:09:25
7534,14,411,2015-02-10 04:57:17
5037,2,11068,2015-01-17 16:21:49
3900,1,9252,2014-12-31 22:31:43
5340,23,2601,2015-01-20 03:05:27
5327,1,12091,2015-01-20 01:07:26
4455,4,8183,2015-01-11 19:17:21
636,1,37,2014-09-02 23:08:27
2658,4,37,2014-11-30 01:26:55
1490,5,1207,2014-10-19 21:59:25
2744,9,1207,2014-12-02 04:58:20
5317,30,335,2015-01-19 23:39:45
5997,1,13877,2015-01-26 03:33:07
3175,14,1207,2014-12-10 03:09:15
5032,1,12388,2015-01-17 05:22:52
5036,1,12397,2015-01-17 08:31:31
8022,2,14497,2015-02-15 00:22:27
7500,27,1258,2015-02-10 01:12:45
8030,2,15001,2015-02-15 02:52:31
5119,26,1207,2015-01-18 00:39:16
5039,30,803,2015-01-17 17:21:05
8050,1,9462,2015-02-15 04:23:58
5127,31,803,2015-01-18 01:25:54
5289,2,11678,2015-01-19 20:16:02
5391,8,2672,2015-01-20 22:27:30
5351,25,193,2015-01-20 04:52:18
5345,17,1755,2015-01-20 04:01:58
5352,26,193,2015-01-20 05:00:14
5247,9,1043,2015-01-19 04:44:10
5294,1,4486,2015-01-19 21:04:33
5348,1,12654,2015-01-20 04:19:03
5364,6,1046,2015-01-20 18:28:38
5117,14,305,2015-01-18 00:08:56
5129,3,12205,2015-01-18 01:58:49
7516,5,11678,2015-02-10 02:27:43
7520,7,3841,2015-02-10 02:50:44
7533,6,8737,2015-02-10 04:32:59
5361,11,377,2015-01-20 18:03:12
5365,7,4501,2015-01-20 18:33:21
5357,1,2697,2015-01-20 10:37:56
5349,1,12385,2015-01-20 04:25:53
7517,4,11381,2015-02-10 02:29:08
7581,10,8183,2015-02-10 20:54:14
7531,5,8287,2015-02-10 04:17:24
7580,3,14094,2015-02-10 20:44:27
5131,1,12486,2015-01-18 02:16:51
7529,1,15054,2015-02-10 03:45:12
7571,2,11857,2015-02-10 20:20:03
8065,3,8161,2015-02-15 20:09:07
5367,4,1499,2015-01-20 19:02:13
5358,2,11832,2015-01-20 13:11:27
5375,19,1258,2015-01-20 20:03:14
5376,1,11331,2015-01-20 20:17:43
5382,24,2056,2015-01-20 21:08:45
5369,4,8710,2015-01-20 19:24:20
5377,1,12128,2015-01-20 20:32:05
5380,4,1210,2015-01-20 20:43:53
5371,12,1149,2015-01-20 19:40:37
5381,2,3948,2015-01-20 21:07:33
5386,5,9472,2015-01-20 21:28:54
38,13,10,2014-07-02 22:43:09
5384,1,10366,2015-01-20 21:15:16
5388,7,2558,2015-01-20 21:46:28
5389,3,3860,2015-01-20 22:10:08
5385,4,977,2015-01-20 21:18:18
5372,1,10151,2015-01-20 19:47:18
5356,2,8993,2015-01-20 08:44:47
5413,1,7717,2015-01-21 00:05:57
5399,4,7771,2015-01-20 23:07:25
5397,16,320,2015-01-20 23:05:01
5343,1,12646,2015-01-20 03:30:27
5401,3,8284,2015-01-20 23:16:01
5412,53,344,2015-01-21 00:03:01
5373,8,3738,2015-01-20 19:56:15
5404,2,8287,2015-01-20 23:21:11
5440,15,608,2015-01-21 03:03:53
5362,1,11240,2015-01-20 18:04:39
5132,22,2332,2015-01-18 02:24:15
8087,3,14858,2015-02-16 02:15:41
7583,38,803,2015-02-10 21:07:23
6875,1,12880,2015-02-03 05:27:24
5248,80,10,2015-01-19 05:01:48
5387,10,3703,2015-01-20 21:32:32
5360,50,149,2015-01-20 17:27:35
5368,1,12684,2015-01-20 19:04:26
5394,2,9832,2015-01-20 22:41:57
3570,20,1207,2014-12-20 03:17:21
4194,22,1207,2015-01-06 23:55:34
5998,38,497,2015-01-26 03:35:03
5441,2,11749,2015-01-21 03:05:15
5411,1,12711,2015-01-20 23:58:41
6706,2,13219,2015-02-02 18:07:32
6874,2,12799,2015-02-03 05:05:19
5374,1,12324,2015-01-20 19:58:00
5396,2,9389,2015-01-20 22:55:15
5370,4,7568,2015-01-20 19:31:32
5402,10,1524,2015-01-20 23:17:30
5405,13,2000,2015-01-20 23:22:03
5424,18,1000,2015-01-21 01:07:15
5398,1,11755,2015-01-20 23:05:17
5408,1,9434,2015-01-20 23:29:32
5431,3,3172,2015-01-21 01:49:52
7594,18,1400,2015-02-10 21:57:10
5133,1,929,2015-01-18 02:42:59
5410,1,12708,2015-01-20 23:36:32
5146,1,12351,2015-01-18 16:45:18
7585,28,1258,2015-02-10 21:15:42
5452,3,11764,2015-01-21 04:49:42
5443,1,12725,2015-01-21 03:14:58
5448,1,10371,2015-01-21 04:20:56
5473,3,3218,2015-01-21 18:31:30
5453,1,8241,2015-01-21 05:01:01
7596,19,1400,2015-02-10 21:59:26
5154,6,2703,2015-01-18 19:59:39
7572,7,6377,2015-02-10 20:30:10
8168,2,13608,2015-02-16 23:47:34
8278,3,13456,2015-02-17 22:15:02
5450,2,11764,2015-01-21 04:42:41
5409,4,3399,2015-01-20 23:30:13
4927,24,1207,2015-01-16 00:48:21
7695,32,1207,2015-02-11 04:28:08
5363,5,1046,2015-01-20 18:15:28
5972,1,8724,2015-01-26 00:14:01
4543,17,651,2015-01-12 22:13:28
5407,2,11563,2015-01-20 23:28:53
4944,18,651,2015-01-16 06:45:22
5241,1,10548,2015-01-19 04:27:51
5420,8,3404,2015-01-21 00:48:11
5428,1,11824,2015-01-21 01:36:14
5977,1,13854,2015-01-26 00:22:43
5438,22,1127,2015-01-21 02:51:47
5153,73,10,2015-01-18 19:59:00
7586,1,11167,2015-02-10 21:15:59
3667,1,9100,2014-12-23 01:27:31
6882,1,14583,2015-02-03 07:33:28
5931,1,13616,2015-01-25 19:29:01
4657,3,9100,2015-01-13 20:02:01
110,1,254,2014-08-03 21:40:36
7589,2,10075,2015-02-10 21:35:21
5223,1,3736,2015-01-19 02:13:30
5215,1,10814,2015-01-19 01:17:44
6883,2,10491,2015-02-03 08:19:07
6876,2,13928,2015-02-03 05:55:59
6873,3,13088,2015-02-03 05:03:03
4584,3,8572,2015-01-13 04:40:21
6877,1,13488,2015-02-03 06:09:00
6880,4,11464,2015-02-03 06:32:05
6904,1,13070,2015-02-03 18:02:17
4941,4,8572,2015-01-16 04:28:30
7703,1,14068,2015-02-11 06:01:49
4577,1,10207,2015-01-13 03:10:11
5249,81,10,2015-01-19 05:02:46
3044,5,2991,2014-12-08 21:28:39
5207,2,11332,2015-01-19 00:11:47
5219,5,3834,2015-01-19 01:44:00
3477,7,2991,2014-12-17 03:01:51
5999,1,11039,2015-01-26 03:36:34
6881,1,13257,2015-02-03 06:47:26
6878,3,11769,2015-02-03 06:21:42
7705,3,9281,2015-02-11 06:09:16
6010,5,9100,2015-01-26 11:50:23
5359,2,9271,2015-01-20 16:49:06
6000,1,7462,2015-01-26 03:44:00
7639,14,2991,2015-02-11 00:45:02
5995,1,13558,2015-01-26 03:03:55
6001,11,858,2015-01-26 04:09:42
6005,2,13355,2015-01-26 05:02:48
6036,12,3703,2015-01-26 20:08:57
6032,1,13644,2015-01-26 19:41:49
6057,1,10491,2015-01-26 21:49:42
5414,1,12716,2015-01-21 00:23:23
6002,2,12303,2015-01-26 04:38:30
8132,6,3530,2015-02-16 19:11:33
7592,17,1149,2015-02-10 21:46:57
7598,3,8813,2015-02-10 22:03:24
5166,2,7635,2015-01-18 23:03:33
5211,2,12181,2015-01-19 00:52:08
5226,1,12299,2015-01-19 02:28:36
7549,2,2173,2015-02-10 18:02:02
5225,1,9796,2015-01-19 02:24:00
7595,1,15083,2015-02-10 21:58:31
8172,2,13201,2015-02-16 23:59:29
6003,12,179,2015-01-26 04:55:43
6024,2,66,2015-01-26 19:04:39
6026,3,66,2015-01-26 19:15:11
6007,1,13084,2015-01-26 06:02:59
6012,1,12802,2015-01-26 17:31:19
6011,1,13065,2015-01-26 17:27:34
6013,3,11651,2015-01-26 17:53:02
6020,4,11651,2015-01-26 18:23:47
6030,1,13910,2015-01-26 19:25:22
6008,2,11638,2015-01-26 07:35:22
6016,2,11700,2015-01-26 18:09:00
6022,18,825,2015-01-26 18:27:25
6043,1,11395,2015-01-26 20:27:04
6006,18,2964,2015-01-26 05:07:38
6045,19,2964,2015-01-26 20:39:30
6014,1,13883,2015-01-26 17:55:27
6035,4,7500,2015-01-26 19:58:37
6009,1,13591,2015-01-26 08:51:02
7746,1,12629,2015-02-11 21:04:48
8141,1,13514,2015-02-16 20:15:45
8161,22,2665,2015-02-16 22:40:36
7656,2,14643,2015-02-11 01:31:09
5213,3,10018,2015-01-19 00:58:24
8217,1,15499,2015-02-17 03:21:11
3980,13,3101,2015-01-03 02:27:52
5224,1,11133,2015-01-19 02:18:43
8225,4,4514,2015-02-17 04:23:10
6046,1,13919,2015-01-26 20:40:51
6048,1,10936,2015-01-26 20:58:14
6047,1,13545,2015-01-26 20:54:49
6052,13,1595,2015-01-26 21:23:45
6051,4,9347,2015-01-26 21:19:50
6015,1,13660,2015-01-26 17:59:34
6017,1,472,2015-01-26 18:12:10
5109,1,12355,2015-01-17 23:01:59
5229,1,11358,2015-01-19 02:55:25
7541,2,11096,2015-02-10 15:53:07
8143,21,1000,2015-02-16 20:23:15
8185,3,8590,2015-02-17 00:58:15
7663,13,7399,2015-02-11 02:05:15
7629,18,1149,2015-02-11 00:15:06
5178,2,11464,2015-01-18 23:32:14
5199,1,10222,2015-01-18 23:58:18
7649,6,3080,2015-02-11 01:12:54
7655,1,15107,2015-02-11 01:27:10
6004,1,7201,2015-01-26 04:57:18
5417,2,9127,2015-01-21 00:31:55
5426,1,9669,2015-01-21 01:21:56
1552,2,3101,2014-10-21 23:43:31
6884,1,12767,2015-02-03 09:05:53
5442,1,12723,2015-01-21 03:07:04
